,Keywords
0,2000
1,2000 dollars in rupees
2,20000 in words
3,20000 dollars in rupees
4,20000
5,2000 usd to inr
6,2000 in words
7,20000 usd to inr
8,2000 dirhams in rupees
9,20000 mah power bank
10,a 2000 calorie diet
11,a 2000 sq ft house
12,a 2000 word essay
13,a 2000 limousine
14,a 2000 graphics card
15,a 2000
16,a 2000 baseball glove
17,a 2000 glove
18,a 2000 custom
19,a 2000s party
20,b 2000 glue
21,b 2000
22,b2000d
23,b2000d driver
24,b2000d printer
25,b20000 audi
26,b2000 fault code
27,b20000 vw
28,b2000 plane
29,b2000 plane crash
30,c 2000
31,c 2000 bce meaning
32,c 2000 mercedes
33,c 2000 vitamin
34,c 2000 grass
35,c 2000 bce
36,c 20000
37,c $2000 to us dollars
38,c 2000 hastelloy
39,delta c2000
40,d 2000 iu
41,d 2000
42,d 20000
43,d 20000 iu
44,d 20000 vitamin
45,d2000 canon
46,d 2000 vitamin
47,d 2000 tablet
48,d 2000 iu vitamin
49,d 20000 to usd
50,e 2000 mercedes
51,e 20000 value
52,e 2000
53,e 2000 glue
54,e2000 connector
55,e2000 swim spa
56,e 2000 crimping machine
57,e 2000 fuel pump
58,e 20000
59,e 2000 sonic
60,f 2000
61,f 2000 rifle
62,f 2000 weapon
63,f 2000 aircraft
64,f 2000 jet
65,f 2000a
66,f2000 car
67,f 2000 thermostat
68,f2000 racing
69,f2000 race car
70,g 2000 printer
71,g2000
72,g2000 ink
73,g 2000 driver
74,g2000 printer driver
75,g2000 shirt
76,g 2000 shop
77,g 2000 photos
78,g2000 taman desa tebrau
79,g 2000 sansui
80,h 2000 hammer
81,h 2000
82,h 2000 spray gun
83,h 2000b honeywell
84,h 2000b
85,h 2000a
86,h 2000 roma
87,h 2000a spray gun
88,h 2000 g shock
89,h 20000
90,i 2000
91,i 2000 digital scale calibration
92,i2000 water filter
93,i 2000 jet
94,i 2000 bomb
95,i 2000 travel
96,i 2000 digital scale manual
97,i 2000 internet
98,i 2000 penetrator bomb
99,i 2000 filter
100,j 2000 jeep
101,j 2000
102,j 2000 car
103,j 2000 jiffy garment steamer
104,j 2000m
105,j 2000m jiffy garment steamer
106,j 2000 jiffy
107,j 2000 delmhorst
108,j 2000 steamer
109,j 2000 controller
110,k 2000 graphics card
111,k 2000
112,k 20000-0
113,k 20000 in dollars
114,k 2000 blademaster
115,k 20000
116,k 2000 sano
117,k 2000 car
118,k 2000 kiriko
119,k 2000 blademaster kiriko
120,l 2000
121,l 2000 bass
122,l 2000 mitsubishi
123,l 2000 lockheed
124,l 20000
125,2000 l water tank
126,2000 l water tank price
127,2000 l to gallons
128,2000 l tank
129,20000 l water tank
130,m 2000
131,m 2000 aircraft
132,m 2000 firecracker
133,m 2000 polar nuptse jacket
134,m 2000 wolf pack
135,m 2000ia 2300
136,m 2000c
137,m 2000 meaning
138,m 2000ia 1700l
139,m 2000 ellipsometer
140,in 2000
141,in 2000 gold rate
142,in 20000 best phone
143,in 2000 who was the prime minister of india
144,in 2000 dollar rate in india
145,in 2000 gold rate in india
146,in 2000 petrol price in india
147,in 2000 how many states formed
148,in 2000 india population
149,in 2000 president of india
150,of 2000 words
151,on 2000 calories a day
152,of 2000 note
153,what is 1 of 2000
154,p2000
155,p 2000 nike
156,p 2000 superstore stockton reviews
157,p 2000 tank
158,p 2000 stockton
159,p 2000 gott
160,p2000 shoes
161,p2000 den haag
162,p2000sk
163,p2000 graphics card
164,q 2000 weber
165,q 2000
166,q 2000 gas series cart
167,q 2000 ficha tecnica
168,q 2000 weber grill
169,2000ci q acoustics
170,weber q 2000n
171,weber q2000
172,weber q 2000 stand
173,weber q 2000 cover
174,r 2000ic 210f 3d model
175,r 2000ic 210f datasheet
176,r 2000ic 165f datasheet
177,r 2000ic 165f manual
178,r 2000ic 210f manual
179,r 2000 to usd
180,r 2000
181,r 20000 to usd
182,r 2000 to naira
183,r 2000 engine
184,s2000
185,s 2000 honda
186,s 2000 price
187,s 2000 car
188,s 2000 honda for sale
189,s2000 for sale
190,s 2000-n
191,s 2000 engine
192,s 2000s drawing
193,s 2000s
194,t 2000
195,t 2000 ultra smart watch
196,t 2000 ultra
197,t 2000 smart watch
198,t 2000 terminator
199,t 2000 voyager
200,t 2000 kigali
201,t 2000 voyager price
202,t 2000 tennis racket
203,t 2000 voyager for sale
204,u 2000
205,u 20000
206,u 2000 copy and paste
207,u 2000 unicode
208,new balance u2000
209,u 2000 anchor
210,u-2000 hitachi
211,u 2000 tauchfahrt des grauens
212,20000 iu vitamin d
213,2000 u 19 world cup
214,v 2000
215,v 2000 line up
216,v 2000 solgar
217,v 2000 multivitamins
218,v 2000 festival
219,v 2000 diamond
220,v 20000
221,2000 v bucks
222,versus 2000
223,2000 v bucks to usd
224,y 2000
225,y 2000e
226,y2000 5g
227,y2000 vivo
228,y2000 mini camera
229,y 2000 pro price
230,y2000m
231,y2000 ezviz
232,y2000 to usd
233,y2000 camera
234,x 2000
235,x 2000 fe
236,x 2000 vivo
237,x 2000 pro
238,x 2000 train
239,x 2000 anime
240,x 2000 ultra
241,x 2000 employees fired
242,x 2000 people fired
243,x 2000 fired
244,z 2000
245,z 2000 air purifier
246,z 2000.1 ap
247,z 2000 t
248,z 2000 trusens
249,honda s2000
250,z 2000 stockerau
251,z 2000 moto
252,z 2000 leitz
253,2000 z nissan
254,how 2000 people look like
255,how 20000 people look like
256,how 2000 calories look like
257,how 2000 notes can be exchanged
258,how 2000 meters in miles
259,how 2000 dollar in naira
260,how 20000 in words
261,how 2000 movie
262,2000 how the grinch stole christmas
263,$2000 how much indian rupees
264,which 2000 quarters are worth money
265,which 2000s movie are you
266,which 2000 penny is worth money
267,which 2000s aesthetic are you
268,which 2000s pop star are you
269,which 2000s cartoon character are you
270,which 2000s song are you
271,which 2000 pennies are valuable
272,which 2000s girl are you
273,which 2000 sacagawea coin is valuable
274,why 2000 note banned in india
275,why 2000 notes are banned
276,why 2000 rupee note banned
277,why 2000 note banned in india in hindi
278,why 2000 is called 2k
279,why 2000 note discontinued
280,why 2000 rupee is not available
281,why 2000 is not a leap year
282,why 2000 notes stopped
283,why 2000 rs banned in india
284,where 2000 notes can be exchanged
285,where 2000 olympics
286,where 2000 olympics held
287,where's 2000 miles from me
288,where 2000 summer olympics
289,20000 where to invest
290,2000 where the heart is
291,2000 where to watch
292,where is 2000 trees festival
293,where is 2000 trees
294,who 2000
295,im c2000
296,who 2000 world health report
297,who 2000 health
298,who 2000 imt
299,who 20000 steps a day
300,2000 who was president
301,2000 who is the prime minister of india
302,2000 who was pm
303,2000 who wants to be a millionaire
304,when 2000 notes banned in india
305,when 2000 note started in india
306,when 2000 note ban in india date
307,when 2000 rs note banned
308,when 2000 notes banned
309,when 2000 rupees banned
310,when 2000 notes came in india
311,when 2000 currency banned in india
312,when 2000rs banned in india
313,wen 2000 watt generator
314,are 2000 notes banned
315,are 2000 notes banned in india
316,are 2000 notes still valid
317,are 2000 rs notes banned
318,are 2000
319,are 2000 born gen z
320,are 2000 notes still being exchanged
321,are 2000 notes legal tender
322,are 2000 rupee notes valid
323,are 2000 notes valid in india
324,what 2000 generation called
325,what 2000 calories looks like
326,what 2000 people look like
327,what 2000 pennies are worth money
328,what 2000 quarters are worth money
329,what 2000 calories a day looks like
330,what 2000 is 16 years old
331,what 2000s movie should i watch
332,what 2000 pound in euro
333,what 2000 nickels are worth money
334,2000 aed to inr
335,2000 aed in indian rupees
336,2000 aud to inr
337,2000 age in 2025
338,2000 aed in rupees
339,2000 australian dollars in rupees
340,2000 aed
341,2000 aed to usd
342,2000 acres in km
343,2000 asia cup
344,2000 baht to inr
345,2000 bollywood movies
346,2000 born age in 2025
347,2000 beer
348,2000 bollywood songs
349,2000 bhd to inr
350,2000 beer price
351,2000 born are called
352,2000 bucks in rupees
353,2000 born generation
354,2000 calendar
355,2000 calories meal plan
356,2000 cad to inr
357,2000 cc bikes
358,2000 canadian dollars in rupees
359,2000 calories diet plan
360,2000 calendar marathi
361,2000 calorie diet
362,2000 crore inr to usd
363,2000 calories indian diet plan
364,2000 dollar in indian rupees
365,2000 dirham in indian rupees
366,2000 dubai currency in indian rupees
367,2000 dhs in indian rupees
368,2000 days in years
369,2000 dinar in rupees
370,2000 dollars in rupees in india
371,2000 dollars
372,2000 euro to inr
373,2000 euros in rupees
374,2000 euro to indian rupees
375,2000 emi car
376,2000 english word
377,2000 english
378,2000 excursion lyrics
379,2000 euro
380,2000 excursion
381,2000 english mein
382,2000 feet to km
383,2000 feet to meters
384,2000 fd credit card
385,2000 ft2
386,2000 february calendar
387,2000 film
388,2000 fashion
389,2000 francs in indian rupees
390,2000 ft
391,2000 followers
392,2000 gbp to inr
393,2000 gold rate
394,2000 gold price in india
395,2000 generation name
396,2000 ganesh chaturthi date
397,2000 gaj in square feet
398,2000 grit sandpaper
399,2000 grade pay salary
400,2000 gallons to litres
401,2000 grafts hair transplant cost
402,2000 hours to days
403,2000 hindi movies
404,2000 hindi songs
405,2000 hindi mein
406,2000 hkd to inr
407,2000 hit movies bollywood
408,2000 hits songs
409,2000 hindi songs list
410,2000 hindi
411,2000 hollywood movies
412,2000 inr to usd
413,2000 in english
414,2000 in roman numerals
415,2000 is a leap year
416,2000 indonesian rupiah to inr
417,2000 indian rupees
418,2000 in dollars
419,2000 in words english
420,2000 in marathi
421,2000 japanese yen to inr
422,2000 janmashtami date
423,2000 july calendar
424,2000 japan currency in indian rupees
425,2000 january calendar
426,2000 jpy to inr
427,2000 july
428,2000 june calendar
429,2000 joules surge protector
430,2000 jump rope calories
431,2000 ki spelling
432,2000 ka note
433,2000 ki note
434,2000 kuwaiti dinar in rupees
435,2000 kalnirnay calendar
436,2000 kwd to inr
437,2000 kuwait currency in indian rupees
438,2000 ka phone
439,2000 ka mobile
440,2000 korean won in indian rupees
441,2000 litre water tank price
442,2000 litre water tank price plasto
443,2000 liter tank price
444,2000 loan app
445,2000 litre water tank size
446,2000 litre water tank
447,2000 litre water tank dimensions
448,2000 loan on aadhar card
449,2000 loan
450,2000 lbs to kg
451,2000 ml in litres
452,2000 movies list bollywood
453,2000 movies
454,2000 mm in feet
455,2000 mobile phone 5g
456,2000 movies bollywood
457,2000 mm to inches
458,2000 miles to km
459,2000 ml to kg
460,2000 minutes in hours
461,2000 note
462,2000 note ban
463,2000 note image
464,2000 note exchange
465,2000 note ban date
466,2000 notes in india
467,2000 nzd to inr
468,2000 number plate price
469,2000 note last date
470,2000 note bandi date
471,2000 only
472,2000 omani riyal in indian rupees
473,2000 opposite words
474,2000 omr to inr
475,2000 opposite words pdf
476,2000 olympics
477,2000 olympics held in which country
478,2000 old note
479,2000 october calendar
480,2000 of 20 percent
481,2000 pounds in rupees
482,2000 pounds to inr
483,2000 pounds in kg
484,2000 pound in indian rupees
485,2000 piece puzzle
486,2000 price mobile
487,2000 phone
488,2000 php to inr
489,2000 pkr to inr
490,2000 petrol price in india
491,2000 qatar riyal in indian rupees
492,2000 qar to inr
493,2000 qatar riyal to inr
494,2000 qatar currency in indian rupees
495,2000 qatar in indian rupees
496,2000 quintal to kg
497,2000 qatar riyal in indian rupees today
498,2000 qar
499,2000 qar indian rupees
500,2000 qar to inr today
501,2000 riyal in indian rupees
502,2000 rupee note
503,2000 rs note
504,2000 rupees in dollars
505,2000 rupee note withdrawal
506,2000 rs note ban date
507,2000 rs in dollars
508,2000 roman number
509,2000 rupees
510,2000 ringgit to inr
511,2000 saudi riyal in indian rupees
512,2000 sq ft house plan
513,2000 spelling
514,2000 sar to inr
515,2000 square feet
516,2000 steps in km
517,2000 square feet house
518,2000 sar in indian rupees
519,2000 sip for 10 years
520,2000 singapore dollar to inr
521,2000 to 2025 how many years
522,2000 tata sierra for sale
523,2000 tata sierra configurations
524,2000 tamil songs ringtone download
525,2000 thai baht to inr
526,2000 to 2010 bollywood movies list
527,2000 tata sierra
528,2000 ton in kg
529,2000 thb to inr
530,2000 to 2015 bollywood movies list
531,2000 usd
532,2000 usd in rupees
533,2000 uae to inr
534,2000 usdt to inr
535,2000 under mobile
536,2000 under mobile 5g
537,2000 us dollar in indian rupees
538,2000 uae dirham to inr
539,2000 uk pounds in rupees
540,2000 vietnam currency in indian rupees
541,2000 voter list
542,2000 views on youtube money in india
543,2000 voter list west bengal
544,2000 va inverter
545,2000 vnd to inr
546,2000 va inverter price
547,2000 vitamin b12 level
548,2000 video
549,2000 verbs
550,2000 yen to inr
551,2000 yen in rupees
552,2000 yuan in rupees
553,2000 year gold rate
554,2000 year calendar
555,2000 yards to km
556,2000 years later meme download
557,2000 year
558,2000 yuan to inr
559,2000 year born age in 2025
560,2000 x 12
561,2000 x 30
562,2000 x 100
563,2000 x 1000
564,2000 x 2000 pixels in cm
565,2000 x 10
566,2000 x 500
567,2000 x 5
568,2000 x 2000 pixel image
569,2000 x 2000
570,2000 zar to inr
571,2000 zloty to inr
572,2000 zodiac sign
573,2000 zar to usd
574,2000 zimbabwe dollars to inr
575,2000 zimbabwe cricket team
576,2000 zodiac animal
577,2000 zip code
578,2000 zen
579,2000 zodiac chinese
580,2000 likes on youtube money
581,2000 likes hashtags instagram reels
582,2000 likes on instagram
583,2000 likes hashtags instagram
584,2000 likes on tiktok
585,2000 likes
586,2000 likes on bumble
587,2000 likes on facebook
588,2000 like tiktok free
589,whats the 10 of 2000
590,2000 ford mustang
591,2000 ford excursion
592,2000 ford ranger
593,2000 formula 1 season
594,2000 for women's in karnataka
595,2000 ford f150
596,2000 ford explorer
597,2000 ford expedition
598,2000 ford taurus
599,2000 ford focus
600,2000 loan without cibil score
601,2000 quarter without ridges on the edge
602,2000 loan without income proof
603,2000 loan urgent without documents
604,2000 madden cover without madden
605,instant loan 2000 without documents
606,drone under 2000 without camera
607,urgent loan 2000 without salary
608,alternative 2000s
609,2000 withdrawal
610,2000 with 20 discount
611,2000 withdrawal charges
612,2000 with 20 percent off
613,2000 with 5 percent interest
614,2000 with 30 percent off
615,2000 with 15 percent off
616,2000 with 2 interest
617,2000 with 18 percent
618,2000 with 10 percent off
619,2000 vs 2025
620,2000 vs 2025 inflation
621,2000 vs 3000 reel
622,2000 vstar 650 classic
623,2000 vs 4000 count multimeter
624,2000 vs commodore ute
625,2000 vs 2500 reel
626,2000 vs 3000 spinning reel
627,2000 vs 2025 dollars
628,2000 vs 4000 paint
629,2000 to 2010 bollywood songs list
630,2000 to 2010 movies bollywood
631,2000 to 2010 generation name
632,2000 to 2010 hindi songs list
633,2000 to 2025 age
634,2000 to 2025 gold rate
635,2000 to 2010 tamil movies list
636,2000 nearest 100
637,2000 near me
638,2000 nearest hundred
639,nearest 2000
640,health 2000 near me
641,pho 2000 near me
642,blume 2000 near me
643,sport 2000 near me
644,$2000 cars near me
645,moda 2000 near me
646,except 2000
647,does 2010 count as 2000s
648,what is 2000 to 2010 called
649,what is 200 of 2000
650,2000 has how many significant figures
651,2000 has how many odd days
652,2000 hasta berapa meter
653,2000 hasta berapa km
654,2000 hasbro quagsire
655,2000 hastings ln
656,2000 hassell road hoffman estates
657,what is 2 of 2000
658,2000 number 1
659,2000 00 in words
660,2000 00 dollars in rupees
661,2000 0
662,2000 00
663,2000 01 bgt
664,2000 01 serie a table
665,2000 01 barca kit
666,2000 01 champions league
667,2000 00 in words english
668,2000 01 manchester united
669,2000 10 percent
670,2000 15 percent off
671,2000 10 percent off
672,2000 18 gst
673,2000 10
674,2000 1 rupee coin value
675,2000 15 percent
676,2000 15
677,2000 1 percent
678,2000 18 percent
679,2000 25
680,2000 20 percent off
681,2000 25 percent off
682,2000 20 discount
683,2000 20 percent
684,2000 2 rupee coin value
685,2000 20
686,2000 2 percent
687,2000 2
688,2000 25 percent
689,2000 30 percent off
690,2000 30 percent
691,2000 30
692,2000 3 percent
693,2000 3
694,2000 35 percent off
695,2000 30 discount
696,2000 35 percent
697,2000 30 off
698,2000 3 scc 54
699,2000 40 percent off
700,2000 4
701,2000 40 percent
702,2000 40
703,2000 4 percent
704,2000 4g mobile
705,2000 45 percent off
706,2000 4g phone
707,2000 40 off
708,2000 4 scc 168
709,2000 5
710,2000 5 percent
711,2000 5 rupees coin value
712,2000 50 percent off
713,2000 5g phone
714,2000 50 paise coin value
715,2000 50
716,2000 5g mobile
717,2000 5 rs coin value
718,2000 5 percent off
719,2000 60 percent off
720,2000 60 percent
721,2000 6 percent
722,2000 60
723,2000 6
724,2000 6 scc 359
725,2000 6 scc 224
726,2000 65 percent off
727,2000 6 percent interest
728,2000 6 calendar
729,2000 70 percent off
730,2000 75 percent off
731,2000 70 percent
732,2000 7 percent
733,2000 7
734,2000 70
735,2000 70 off
736,2000 75 percent
737,2000 7 series
738,2000 75
739,2000 8 percent
740,2000 80 percent off
741,2000 8
742,2000 80
743,2000 80 percent
744,2000 8th st nw
745,2000 8.3 cummins
746,2000 84th street
747,2000 8.1 vortec
748,2000 8th ave west linn
749,2000 90 percent off
750,2000 90 percent
751,2000 9
752,2000 90 hp mercury outboard
753,2000 9.9 mercury outboard
754,2000 9mm rounds
755,2000 90 hp johnson outboard
756,2000 9mm bullets
757,2000 9.9 johnson outboard
758,2000 93s saab
759,2000 dollars in rupees in indian rupees
760,2000 dollars in rupees in words
761,2000 dollars in rupees in india 2025
762,2000 dollars in rupees pkr
763,2000 dollars in rupees today
764,2000 dollars in rupees in indian rupees today
765,2000 dollars in rupees canada
766,2000 dollars in rupees australia
767,20000 in words in english
768,20000 in words marathi
769,20000 in words in india
770,20000 in words in hindi
771,20000 in words only
772,20000 in words rupees
773,20000 in words for cheque
774,20000 in words in telugu
775,20000 in words tamil
776,20000 dollars in rupees india
777,20000 dollars in rupees in words
778,20000 dollars in rupees in indian rupees
779,20000 dollars in rupees pkr
780,20000 dollars in rupees in words in hindi
781,20000 dollars in rupees in words in english
782,20000 dollars in rupees in hindi
783,20000 dollars in rupees in 2012
784,20000 dollars in rupees india in words
785,20000 aed to inr
786,20000 dirhams in rupees
787,20000 price mobile
788,20000 under mobile
789,20000 in english
790,2000 usd to inr today
791,2000 usd to inr in rupees
792,2000 usd to inr in words
793,2000 usd to inr rate
794,2000 usd to inr remitly
795,2000 usd to inr ppp
796,2000 usd to inr yesterday
797,2000 usd to inr in 2017
798,2000 us dollar to inr today
799,2000 in words marathi
800,2000 in words in hindi
801,2000 in words rupees
802,2000 in words in india
803,2000 in words only
804,2000 in words rupees only
805,2000 in words cheque
806,2000 in words kannada
807,20000 usd to inr today
808,20000 usd to inr in words
809,20000 usd to inr in lakhs
810,20000 usd to inr ppp
811,20000 usd to inr in words today
812,20000 usd to indian rupees
813,20000 crore usd to inr
814,20000 k usd to inr
815,20000 usd equal to inr
816,2000 dirhams in rupees in indian rupees
817,2000 dirhams in rupees today
818,2000 dirhams in rupees india
819,2000 dirhams in rupees in words
820,2000 dirhams in rupees pakistan
821,2000 dubai dirham in rupees
822,2000 dirhams in rupees nepali
823,2000 dhs in rupees
824,20000 mah power bank mi
825,20000 mah power bank allowed in flight
826,20000 mah power bank wireless
827,20000 mah power bank price
828,20000 mah power bank boat
829,20000 mah power bank fast charging
830,20000 mah power bank under â‚¹1000
831,20000 mah power bank ambrane
832,20000 mah power bank samsung
833,a 2000 calorie diet plan
834,a 2000 calorie meal plan
835,is a 2000 calorie diet good
836,what a 2000 calorie diet looks like
837,on a 2000 calorie diet how many carbs
838,is a 2000 calorie diet good for weight loss
839,is a 2000 calorie diet healthy
840,on a 2000 calorie diet how much protein
841,does a 2000 calorie diet work
842,is a 2000 sq ft house big
843,build a 2000 sq ft house
844,is a 2000 sq ft house small
845,siding a 2000 sq ft house
846,is a 2000 sq ft house big uk
847,cost of a 2000 sq ft house
848,dimensions of a 2000 sq ft house
849,what does a 2000 sq ft house look like
850,utilities for a 2000 sq ft house
851,a 2000 word essay is how many pages
852,is a 2000 word essay long
853,write a 2000 word essay
854,is a 2000 word essay good
855,writing a 2000 word essay in 2 hours
856,what a 2000 word essay looks like
857,is a 2000 word essay hard
858,writing a 2000 word essay in one night
859,is a 2000 word essay too long
860,mercedes benz a 2000 limousine
861,a 2000 baseball glove 11.5
862,a 2000 baseball glove pink
863,a2000 baseball glove blue
864,a 2000 baseball glove custom
865,a 2000 baseball mitt
866,wilson a2000 baseball glove
867,the a2000 baseball glove
868,youth a2000 baseball glove
869,infielder a2000 baseball glove
870,a 2000 glove price
871,a 2000 mitt
872,a 2000 infield glove
873,wilson a 2000 gloves
874,a 2000 softball glove
875,a2000 outfield glove
876,a 2000 catchers glove
877,a2000 custom glove
878,a2000 custom softball glove
879,a2000 custom cooler
880,wilson a 2000 custom
881,wilson a2000 custom glove
882,a matter of customs 2000
883,it's a 2000s party reddit
884,it's a 2000s party tickets
885,it's a 2000s party review
886,it's a 2000s party boston
887,it's a 2000s party setlist
888,it's a 2000s party albuquerque
889,it's a 2000s party reno
890,it's a 2000s party omaha
891,it's a 2000s party louisville ky
892,b 2000 glue price
893,b 2000 glue price in bangladesh
